{"cameraMode":{"drawMode":0,"name":"Shaded","section":"Shading Mode"},"sceneLighting":false,"audioPlay":false,"sceneViewState":{"m_AlwaysRefresh":false,"showFog":true,"showSkybox":false,"showFlares":true,"showImageEffects":true,"showParticleSystems":true,"showVisualEffectGraphs":true,"m_FxEnabled":true},"in2DMode":false,"pivot":{"x":18.079999923706056,"y":0.3894379138946533,"z":11.798016548156739},"rotation":{"x":-0.003579089418053627,"y":0.7111321091651917,"z":-0.7030717730522156,"w":-0.003637419082224369},"size":0.8628277778625488,"orthographic":true}