{"cameraMode":{"drawMode":0,"name":"Shaded","section":"Shading Mode"},"sceneLighting":true,"audioPlay":false,"sceneViewState":{"m_AlwaysRefresh":false,"showFog":true,"showSkybox":false,"showFlares":true,"showImageEffects":true,"showParticleSystems":true,"showVisualEffectGraphs":true,"m_FxEnabled":true},"in2DMode":false,"pivot":{"x":-2.9828388690948488,"y":2.1651368141174318,"z":-3.1206588745117189},"rotation":{"x":0.010076158680021763,"y":0.6627235412597656,"z":-0.7487930655479431,"w":0.008981329388916493},"size":13.105647087097168,"orthographic":false}